{
    "alien_registration_number": [
        0.2637254901960784,
        0.57227272727272726
    ],
    "uscis_online_account_number": [
        0.3137254901960784,
        0.40863636363636363
    ],
    "family_name": [
        0.3137254901960784,
        0.5198484848484849
    ],
    "given_name": [
        0.3137254901960784,
        0.5501515151515152
    ],
    "middle_name": [
        0.3137254901960784,
        0.5787272727272728
    ],
    "has_name_legally_changed_yes": [
        0.47058823529411764,
        0.6374242424242424
    ],
    "has_name_legally_changed_no": [
        0.47058823529411764,
        0.6374242424242424
    ],
    "na_previous_card_not_received": [
        0.47058823529411764,
        0.7042424242424242
    ],
    "previous_card_family_name": [
        0.3137254901960784,
        0.8227272727272728
    ],
    "previous_card_given_name": [
        0.3137254901960784,
        0.8532727272727273
    ],
    "previous_card_middle_name": [
        0.3137254901960784,
        0.8817575757575759
    ]
}