{
  "Full Name": [
    0.11538461538461539,
    0.275
  ],
  "First Name": [
    0.08,
    0.2775
  ],
  "Middle Name": [
    0.4169230769230769,
    0.3775
  ],
  "Last Name": [
    0.8,
    0.2775
  ],
  "Month": [
    0.08,
    0.47
  ],
  "Day": [
    0.45,
    0.47
  ],
  "Year": [
    0.82,
    0.47
  ],
  "Birth Date": [
    0.25,
    0.51375
  ],
  "Current Address": [
    0.25,
    0.71
  ],
  "Street Address": [
    0.15,
    0.7425
  ],
  "Street Address Line 2": [
    0.25,
    0.85375
  ],
  "City": [
    0.2,
    0.845
  ],
  "State / Province": [
    0.65,
    0.845
  ]
}